stimulus,response,rt,accuracy
fixation,99,0.5,0
602,1,0.421330299985129,0
fixation,99,1.07895160000771,0
608,1,0.307814600004349,0
