stimulus,response,rt,accuracy
fixation,99,0.5,0
609,99,1,0.5
fixation,99,0.500124399986817,0
223,0,0.332423300016671,0
